"Name","CreationTime","LastWriteTime"
"BackendApplication.java","2026/3/3 20:44:47","2026/3/10 17:48:40"
"CorsConfig.java","2026/3/3 20:44:47","2024/1/1 20:22:26"
"DbMigrator.java","2026/3/26 21:57:38","2026/3/26 21:57:38"
"WebMvcConfig.java","2026/3/3 20:44:47","2026/3/7 17:34:39"
"BookNotEnoughException.java","2026/5/28 20:52:14","2026/5/28 20:52:16"
"GlobalExceptionHandler.java","2026/3/3 20:44:47","2024/1/1 20:22:26"
"OperationFailureException.java","2026/5/28 20:52:14","2026/5/28 20:52:15"
"ReaderInterceptor.java","2026/3/3 20:44:47","2024/1/1 20:22:26"
"UserInterceptor.java","2026/3/3 20:44:47","2024/1/1 20:22:26"
"BookInfoMapper.java","2026/3/3 20:44:47","2026/5/28 20:52:14"
"BookTypeMapper.java","2026/3/3 20:44:47","2026/5/28 20:52:14"
"BookWishMapper.java","2026/3/7 19:39:26","2026/3/8 20:14:38"
"BorrowMapper.java","2026/3/3 20:44:47","2026/5/28 20:52:14"
"MessageMapper.java","2026/3/3 20:44:47","2026/5/28 20:52:14"
"UserMapper.java","2026/3/3 20:44:47","2026/1/30 18:31:16"
"BookInfo.java","2026/3/3 20:44:47","2026/5/30 9:40:50"
"BookType.java","2026/3/3 20:44:47","2024/1/1 20:22:26"
"BookWish.java","2026/3/7 19:38:51","2026/3/7 19:39:03"
"Borrow.java","2026/3/3 20:44:47","2026/3/9 22:49:18"
"Message.java","2026/3/3 20:44:47","2026/1/19 22:23:12"
"User.java","2026/3/3 20:44:47","2026/3/10 17:08:37"
"BookInfoService.java","2026/3/3 20:44:47","2026/5/29 9:50:05"
"BookTypeService.java","2026/3/3 20:44:47","2026/5/28 20:52:14"
"BorrowService.java","2026/3/3 20:44:47","2026/5/28 20:52:14"
"UserService.java","2026/3/3 20:44:47","2026/5/30 9:40:50"
"BookInfoServiceImpl.java","2026/3/3 20:44:47","2026/5/30 9:40:42"
"BookTypeServiceImpl.java","2026/3/3 20:44:47","2026/5/28 20:52:14"
"BorrowServiceImpl.java","2026/3/3 20:44:47","2026/5/30 9:40:42"
"UserServiceImpl.java","2026/3/3 20:44:47","2026/5/30 9:40:50"
"BorrowTask.java","2026/3/9 14:44:45","2026/3/16 22:27:40"
"BASE64Encoder.java","2026/5/28 20:52:14","2026/5/28 20:52:15"
"JsonUtil.java","2026/5/28 20:52:14","2026/5/28 20:52:15"
"PageUtils.java","2026/3/3 20:44:47","2024/1/1 20:22:26"
"PathUtils.java","2026/3/3 20:44:47","2024/1/1 20:22:26"
"R.java","2026/3/3 20:44:47","2026/1/19 22:32:04"
"TokenProcessor.java","2026/3/3 20:44:47","2026/1/19 13:25:08"
"WechatPushUtils.java","2026/3/9 14:51:43","2026/3/9 20:23:54"
"BookInfoController.java","2026/3/3 20:44:47","2026/5/28 20:52:14"
"BookTypeController.java","2026/3/3 20:44:47","2026/5/28 20:52:14"
"BookWishController.java","2026/3/7 19:39:52","2026/3/7 19:39:56"
"BorrowController.java","2026/3/3 20:44:47","2026/5/28 20:52:14"
"MessageController.java","2026/3/3 20:44:47","2026/2/12 16:00:10"
"uploadController.java","2026/3/3 20:44:47","2026/3/7 17:34:34"
"UserController.java","2026/3/3 20:44:47","2026/5/30 9:40:50"
